<?xml version="1.0" encoding="UTF-8"?>
<GenRun Id="alphaBlend_synth_1" LaunchPart="xc7z020clg400-1" LaunchTime="1631837816">
  <File Type="PA-TCL" Name="alphaBlend.tcl"/>
  <File Type="REPORTS-TCL" Name="alphaBlend_reports.tcl"/>
  <File Type="RDS-RDS" Name="alphaBlend.vds"/>
  <File Type="RDS-UTIL" Name="alphaBlend_utilization_synth.rpt"/>
  <File Type="RDS-UTIL-PB" Name="alphaBlend_utilization_synth.pb"/>
  <File Type="RDS-DCP" Name="alphaBlend.dcp"/>
  <FileSet Name="sources" Type="BlockSrcs" RelSrcDir="$PSRCDIR/alphaBlend">
    <File Path="$PSRCDIR/sources_1/imports/new/alphaBlend.vhd">
      <FileInfo>
        <Attr Name="ImportPath" Val="$PPRDIR/../../../../DVI_PASSTHROUGH_CAPS/HDMI_OUT_SIMPLE_TEST/HDMI_OUT_SIMPLE_FX_DEMO/HDMI_OUT_SIMPLE_FX_DEMO.srcs/sources_1/new/alphaBlend.vhd"/>
        <Attr Name="ImportTime" Val="1628554609"/>
        <Attr Name="UsedIn" Val="synthesis"/>
        <Attr Name="UsedIn" Val="simulation"/>
      </FileInfo>
    </File>
    <File Path="$PSRCDIR/alphaBlend/new/alphaBlend_ooc.xdc">
      <FileInfo>
        <Attr Name="ImportPath" Val="$PPRDIR/../project_2/project_2.srcs/alphaBlend/new/alphaBlend_ooc.xdc"/>
        <Attr Name="ImportTime" Val="1629696156"/>
        <Attr Name="UsedIn" Val="synthesis"/>
        <Attr Name="UsedIn" Val="implementation"/>
        <Attr Name="UsedIn" Val="out_of_context"/>
      </FileInfo>
    </File>
    <Config>
      <Option Name="TopModule" Val="alphaBlend"/>
      <Option Name="TopRTLFile" Val="$PSRCDIR/sources_1/imports/new/alphaBlend.vhd"/>
      <Option Name="UseBlackboxStub" Val="1"/>
    </Config>
  </FileSet>
  <FileSet Name="constrs_in" Type="BlockSrcs" RelSrcDir="$PSRCDIR/alphaBlend">
    <File Path="$PSRCDIR/sources_1/imports/new/alphaBlend.vhd">
      <FileInfo>
        <Attr Name="ImportPath" Val="$PPRDIR/../../../../DVI_PASSTHROUGH_CAPS/HDMI_OUT_SIMPLE_TEST/HDMI_OUT_SIMPLE_FX_DEMO/HDMI_OUT_SIMPLE_FX_DEMO.srcs/sources_1/new/alphaBlend.vhd"/>
        <Attr Name="ImportTime" Val="1628554609"/>
        <Attr Name="UsedIn" Val="synthesis"/>
        <Attr Name="UsedIn" Val="simulation"/>
      </FileInfo>
    </File>
    <File Path="$PSRCDIR/alphaBlend/new/alphaBlend_ooc.xdc">
      <FileInfo>
        <Attr Name="ImportPath" Val="$PPRDIR/../project_2/project_2.srcs/alphaBlend/new/alphaBlend_ooc.xdc"/>
        <Attr Name="ImportTime" Val="1629696156"/>
        <Attr Name="UsedIn" Val="synthesis"/>
        <Attr Name="UsedIn" Val="implementation"/>
        <Attr Name="UsedIn" Val="out_of_context"/>
      </FileInfo>
    </File>
    <Config>
      <Option Name="TopModule" Val="alphaBlend"/>
      <Option Name="TopRTLFile" Val="$PSRCDIR/sources_1/imports/new/alphaBlend.vhd"/>
      <Option Name="UseBlackboxStub" Val="1"/>
    </Config>
  </FileSet>
  <FileSet Name="utils" Type="Utils" RelSrcDir="$PSRCDIR/utils_1">
    <Filter Type="Utils"/>
    <Config>
      <Option Name="TopAutoSet" Val="TRUE"/>
    </Config>
  </FileSet>
  <Strategy Version="1" Minor="2">
    <StratHandle Name="Vivado Synthesis Defaults" Flow="Vivado Synthesis 2020"/>
    <Step Id="synth_design"/>
  </Strategy>
</GenRun>
