<?xml version="1.0" encoding="UTF-8"?>
<GenRun Id="dvi2rgb_1_synth_1" LaunchPart="xc7z020clg400-1" LaunchTime="1629691692">
  <File Type="PA-TCL" Name="dvi2rgb_1.tcl"/>
  <File Type="REPORTS-TCL" Name="dvi2rgb_1_reports.tcl"/>
  <File Type="RDS-RDS" Name="dvi2rgb_1.vds"/>
  <File Type="RDS-UTIL" Name="dvi2rgb_1_utilization_synth.rpt"/>
  <File Type="RDS-UTIL-PB" Name="dvi2rgb_1_utilization_synth.pb"/>
  <File Type="RDS-DCP" Name="dvi2rgb_1.dcp"/>
  <FileSet Name="sources" Type="BlockSrcs" RelSrcDir="$PSRCDIR/dvi2rgb_1">
    <File Path="$PSRCDIR/sources_1/ip/dvi2rgb_1/dvi2rgb_1.xci">
      <FileInfo>
        <Attr Name="ImportPath" Val="$PPRDIR/../../../../../Desktop/hdmi_pass_through_ZyboZ7-10-master/dvipass/dvipass.srcs/sources_1/ip/dvi2rgb_1/dvi2rgb_1.xci"/>
        <Attr Name="ImportTime" Val="1621233669"/>
        <Attr Name="UsedIn" Val="synthesis"/>
        <Attr Name="UsedIn" Val="implementation"/>
        <Attr Name="UsedIn" Val="simulation"/>
      </FileInfo>
    </File>
    <Config>
      <Option Name="TopModule" Val="dvi2rgb_1"/>
      <Option Name="UseBlackboxStub" Val="1"/>
    </Config>
  </FileSet>
  <FileSet Name="constrs_in" Type="BlockSrcs" RelSrcDir="$PSRCDIR/dvi2rgb_1">
    <File Path="$PSRCDIR/sources_1/ip/dvi2rgb_1/dvi2rgb_1.xci">
      <FileInfo>
        <Attr Name="ImportPath" Val="$PPRDIR/../../../../../Desktop/hdmi_pass_through_ZyboZ7-10-master/dvipass/dvipass.srcs/sources_1/ip/dvi2rgb_1/dvi2rgb_1.xci"/>
        <Attr Name="ImportTime" Val="1621233669"/>
        <Attr Name="UsedIn" Val="synthesis"/>
        <Attr Name="UsedIn" Val="implementation"/>
        <Attr Name="UsedIn" Val="simulation"/>
      </FileInfo>
    </File>
    <Config>
      <Option Name="TopModule" Val="dvi2rgb_1"/>
      <Option Name="UseBlackboxStub" Val="1"/>
    </Config>
  </FileSet>
  <FileSet Name="utils" Type="Utils" RelSrcDir="$PSRCDIR/utils_1">
    <Filter Type="Utils"/>
    <Config>
      <Option Name="TopAutoSet" Val="TRUE"/>
    </Config>
  </FileSet>
  <Strategy Version="1" Minor="2">
    <StratHandle Name="Vivado Synthesis Defaults" Flow="Vivado Synthesis 2020"/>
    <Step Id="synth_design"/>
  </Strategy>
</GenRun>
