<?xml version="1.0" encoding="UTF-8"?>
<GenRun Id="impl_1" LaunchPart="xc7z020clg400-1" LaunchTime="1634948318">
  <File Type="BITSTR-BMM" Name="autotake_bd.bmm"/>
  <File Type="OPT-METHODOLOGY-DRC" Name="autotake_methodology_drc_opted.rpt"/>
  <File Type="INIT-TIMING" Name="autotake_timing_summary_init.rpt"/>
  <File Type="ROUTE-PWR" Name="autotake_power_routed.rpt"/>
  <File Type="PA-TCL" Name="autotake.tcl"/>
  <File Type="OPT-TIMING" Name="autotake_timing_summary_opted.rpt"/>
  <File Type="OPT-DCP" Name="autotake_opt.dcp"/>
  <File Type="ROUTE-PWR-SUM" Name="autotake_power_summary_routed.pb"/>
  <File Type="REPORTS-TCL" Name="autotake_reports.tcl"/>
  <File Type="OPT-DRC" Name="autotake_drc_opted.rpt"/>
  <File Type="OPT-HWDEF" Name="autotake.hwdef"/>
  <File Type="PWROPT-DCP" Name="autotake_pwropt.dcp"/>
  <File Type="PWROPT-DRC" Name="autotake_drc_pwropted.rpt"/>
  <File Type="PWROPT-TIMING" Name="autotake_timing_summary_pwropted.rpt"/>
  <File Type="PLACE-DCP" Name="autotake_placed.dcp"/>
  <File Type="PLACE-IO" Name="autotake_io_placed.rpt"/>
  <File Type="PLACE-CLK" Name="autotake_clock_utilization_placed.rpt"/>
  <File Type="PLACE-UTIL" Name="autotake_utilization_placed.rpt"/>
  <File Type="PLACE-UTIL-PB" Name="autotake_utilization_placed.pb"/>
  <File Type="PLACE-CTRL" Name="autotake_control_sets_placed.rpt"/>
  <File Type="PLACE-SIMILARITY" Name="autotake_incremental_reuse_placed.rpt"/>
  <File Type="PLACE-PRE-SIMILARITY" Name="autotake_incremental_reuse_pre_placed.rpt"/>
  <File Type="PLACE-TIMING" Name="autotake_timing_summary_placed.rpt"/>
  <File Type="POSTPLACE-PWROPT-DCP" Name="autotake_postplace_pwropt.dcp"/>
  <File Type="BG-BIN" Name="autotake.bin"/>
  <File Type="POSTPLACE-PWROPT-TIMING" Name="autotake_timing_summary_postplace_pwropted.rpt"/>
  <File Type="PHYSOPT-DCP" Name="autotake_physopt.dcp"/>
  <File Type="PHYSOPT-DRC" Name="autotake_drc_physopted.rpt"/>
  <File Type="BITSTR-MSK" Name="autotake.msk"/>
  <File Type="PHYSOPT-TIMING" Name="autotake_timing_summary_physopted.rpt"/>
  <File Type="ROUTE-ERROR-DCP" Name="autotake_routed_error.dcp"/>
  <File Type="ROUTE-DCP" Name="autotake_routed.dcp"/>
  <File Type="ROUTE-BLACKBOX-DCP" Name="autotake_routed_bb.dcp"/>
  <File Type="ROUTE-DRC" Name="autotake_drc_routed.rpt"/>
  <File Type="ROUTE-DRC-PB" Name="autotake_drc_routed.pb"/>
  <File Type="ROUTE-DRC-RPX" Name="autotake_drc_routed.rpx"/>
  <File Type="BITSTR-MMI" Name="autotake.mmi"/>
  <File Type="ROUTE-METHODOLOGY-DRC" Name="autotake_methodology_drc_routed.rpt"/>
  <File Type="ROUTE-METHODOLOGY-DRC-RPX" Name="autotake_methodology_drc_routed.rpx"/>
  <File Type="ROUTE-METHODOLOGY-DRC-PB" Name="autotake_methodology_drc_routed.pb"/>
  <File Type="ROUTE-PWR-RPX" Name="autotake_power_routed.rpx"/>
  <File Type="ROUTE-STATUS" Name="autotake_route_status.rpt"/>
  <File Type="ROUTE-STATUS-PB" Name="autotake_route_status.pb"/>
  <File Type="ROUTE-TIMINGSUMMARY" Name="autotake_timing_summary_routed.rpt"/>
  <File Type="ROUTE-TIMING-PB" Name="autotake_timing_summary_routed.pb"/>
  <File Type="ROUTE-TIMING-RPX" Name="autotake_timing_summary_routed.rpx"/>
  <File Type="ROUTE-SIMILARITY" Name="autotake_incremental_reuse_routed.rpt"/>
  <File Type="ROUTE-CLK" Name="autotake_clock_utilization_routed.rpt"/>
  <File Type="ROUTE-BUS-SKEW" Name="autotake_bus_skew_routed.rpt"/>
  <File Type="ROUTE-BUS-SKEW-PB" Name="autotake_bus_skew_routed.pb"/>
  <File Type="ROUTE-BUS-SKEW-RPX" Name="autotake_bus_skew_routed.rpx"/>
  <File Type="POSTROUTE-PHYSOPT-DCP" Name="autotake_postroute_physopt.dcp"/>
  <File Type="POSTROUTE-PHYSOPT-BLACKBOX-DCP" Name="autotake_postroute_physopt_bb.dcp"/>
  <File Type="POSTROUTE-PHYSOPT-TIMING" Name="autotake_timing_summary_postroute_physopted.rpt"/>
  <File Type="POSTROUTE-PHYSOPT-TIMING-PB" Name="autotake_timing_summary_postroute_physopted.pb"/>
  <File Type="POSTROUTE-PHYSOPT-TIMING-RPX" Name="autotake_timing_summary_postroute_physopted.rpx"/>
  <File Type="POSTROUTE-PHYSOPT-BUS-SKEW" Name="autotake_bus_skew_postroute_physopted.rpt"/>
  <File Type="POSTROUTE-PHYSOPT-BUS-SKEW-PB" Name="autotake_bus_skew_postroute_physopted.pb"/>
  <File Type="BG-BIT" Name="autotake.bit"/>
  <File Type="POSTROUTE-PHYSOPT-BUS-SKEW-RPX" Name="autotake_bus_skew_postroute_physopted.rpx"/>
  <File Type="BITSTR-RBT" Name="autotake.rbt"/>
  <File Type="BITSTR-NKY" Name="autotake.nky"/>
  <File Type="PDI-FILE" Name="autotake.pdi"/>
  <File Type="RCFI_FILE" Name="autotake.rcfi"/>
  <File Type="CFI_FILE" Name="autotake.cfi"/>
  <File Type="RNPI_FILE" Name="autotake.rnpi"/>
  <File Type="NPI_FILE" Name="autotake.npi"/>
  <File Type="RBD_FILE" Name="autotake.rbd"/>
  <File Type="BITSTR-LTX" Name="debug_nets.ltx"/>
  <File Type="BITSTR-LTX" Name="autotake.ltx"/>
  <File Type="BITSTR-SYSDEF" Name="autotake.sysdef"/>
  <File Type="BG-BGN" Name="autotake.bgn"/>
  <File Type="BG-DRC" Name="autotake.drc"/>
  <File Type="RDI-RDI" Name="autotake.vdi"/>
  <File Type="WBT-USG" Name="usage_statistics_webtalk.html"/>
  <FileSet Name="sources" Type="DesignSrcs" RelSrcDir="$PSRCDIR/sources_1" RelGenDir="$PGENDIR/sources_1">
    <Filter Type="Srcs"/>
    <File Path="$PSRCDIR/sources_1/imports/new/clock_div.v">
      <FileInfo>
        <Attr Name="ImportPath" Val="$PPRDIR/../../../../DVI_PASSTHROUGH_CAPS/HDMI_OUT_SIMPLE_TEST/HDMI_OUT_SIMPLE_FX_DEMO/HDMI_OUT_SIMPLE_FX_DEMO.srcs/sources_1/new/clock_div.v"/>
        <Attr Name="ImportTime" Val="1628935020"/>
        <Attr Name="UsedIn" Val="synthesis"/>
        <Attr Name="UsedIn" Val="implementation"/>
        <Attr Name="UsedIn" Val="simulation"/>
      </FileInfo>
    </File>
    <File Path="$PSRCDIR/sources_1/imports/new/interp_10bit.vhd">
      <FileInfo>
        <Attr Name="ImportPath" Val="$PPRDIR/../../../../DVI_PASSTHROUGH_CAPS/HDMI_OUT_SIMPLE_TEST/HDMI_OUT_SIMPLE_FX_DEMO/HDMI_OUT_SIMPLE_FX_DEMO.srcs/sources_1/new/interp_10bit.vhd"/>
        <Attr Name="ImportTime" Val="1628926299"/>
        <Attr Name="UsedIn" Val="synthesis"/>
        <Attr Name="UsedIn" Val="simulation"/>
      </FileInfo>
    </File>
    <File Path="$PSRCDIR/sources_1/imports/new/autotake.v">
      <FileInfo>
        <Attr Name="ImportPath" Val="$PPRDIR/../../../../DVI_PASSTHROUGH_CAPS/HDMI_OUT_SIMPLE_TEST/HDMI_OUT_SIMPLE_FX_DEMO/HDMI_OUT_SIMPLE_FX_DEMO.srcs/sources_1/new/autotake.v"/>
        <Attr Name="ImportTime" Val="1628992541"/>
        <Attr Name="UsedIn" Val="synthesis"/>
        <Attr Name="UsedIn" Val="implementation"/>
        <Attr Name="UsedIn" Val="simulation"/>
      </FileInfo>
    </File>
    <File Path="$PSRCDIR/sources_1/bd/AXI_controll/AXI_controll.bd">
      <FileInfo>
        <Attr Name="AutoDisabled" Val="1"/>
        <Attr Name="ImportPath" Val="$PPRDIR/../mixer4/mixer4.srcs/sources_1/bd/AXI_controll/AXI_controll.bd"/>
        <Attr Name="ImportTime" Val="1630563679"/>
        <Attr Name="UsedIn" Val="synthesis"/>
        <Attr Name="UsedIn" Val="implementation"/>
        <Attr Name="UsedIn" Val="simulation"/>
      </FileInfo>
    </File>
    <File Path="$PSRCDIR/sources_1/ip/clk_wiz_125M_200M/clk_wiz_125M_200M.xci">
      <FileInfo>
        <Attr Name="AutoDisabled" Val="1"/>
        <Attr Name="ImportPath" Val="$PPRDIR/../../../../../Desktop/hdmi_pass_through_ZyboZ7-10-master/dvipass/dvipass.srcs/sources_1/ip/clk_wiz_125M_200M/clk_wiz_125M_200M.xci"/>
        <Attr Name="ImportTime" Val="1621233668"/>
        <Attr Name="UsedIn" Val="synthesis"/>
        <Attr Name="UsedIn" Val="implementation"/>
        <Attr Name="UsedIn" Val="simulation"/>
      </FileInfo>
    </File>
    <File Path="$PSRCDIR/sources_1/new/RGB_FX.v">
      <FileInfo>
        <Attr Name="AutoDisabled" Val="1"/>
        <Attr Name="ImportPath" Val="$PPRDIR/../basic_mixer1/basic_mixer1.srcs/sources_1/new/RGB_FX.v"/>
        <Attr Name="ImportTime" Val="1629440296"/>
        <Attr Name="UsedIn" Val="synthesis"/>
        <Attr Name="UsedIn" Val="implementation"/>
        <Attr Name="UsedIn" Val="simulation"/>
      </FileInfo>
    </File>
    <File Path="$PSRCDIR/sources_1/imports/new/colourise.v">
      <FileInfo>
        <Attr Name="AutoDisabled" Val="1"/>
        <Attr Name="ImportPath" Val="$PPRDIR/../../../../DVI_PASSTHROUGH_CAPS/HDMI_OUT_SIMPLE_TEST/HDMI_OUT_SIMPLE_FX_DEMO/HDMI_OUT_SIMPLE_FX_DEMO.srcs/sources_1/imports/new/colourise.v"/>
        <Attr Name="ImportTime" Val="1625101847"/>
        <Attr Name="UsedIn" Val="synthesis"/>
        <Attr Name="UsedIn" Val="implementation"/>
        <Attr Name="UsedIn" Val="simulation"/>
      </FileInfo>
    </File>
    <File Path="$PSRCDIR/sources_1/new/dvi_pass_top.v">
      <FileInfo>
        <Attr Name="AutoDisabled" Val="1"/>
        <Attr Name="ImportPath" Val="$PPRDIR/../../../../../Desktop/hdmi_pass_through_ZyboZ7-10-master/dvi_pass_verilog/dvi_pass_verilog.srcs/sources_1/new/dvi_pass_top.v"/>
        <Attr Name="ImportTime" Val="1621296215"/>
        <Attr Name="UsedIn" Val="synthesis"/>
        <Attr Name="UsedIn" Val="implementation"/>
        <Attr Name="UsedIn" Val="simulation"/>
      </FileInfo>
    </File>
    <File Path="$PSRCDIR/sources_1/new/int_ext_sync_mux.v">
      <FileInfo>
        <Attr Name="AutoDisabled" Val="1"/>
        <Attr Name="ImportPath" Val="$PPRDIR/../mixer6/mixer6.srcs/sources_1/new/int_ext_sync_mux.v"/>
        <Attr Name="ImportTime" Val="1630998259"/>
        <Attr Name="UsedIn" Val="synthesis"/>
        <Attr Name="UsedIn" Val="implementation"/>
        <Attr Name="UsedIn" Val="simulation"/>
      </FileInfo>
    </File>
    <File Path="$PSRCDIR/sources_1/new/internalSync.v">
      <FileInfo>
        <Attr Name="AutoDisabled" Val="1"/>
        <Attr Name="ImportPath" Val="$PPRDIR/../mixer6/mixer6.srcs/sources_1/new/internalSync.v"/>
        <Attr Name="ImportTime" Val="1631230659"/>
        <Attr Name="UsedIn" Val="synthesis"/>
        <Attr Name="UsedIn" Val="implementation"/>
        <Attr Name="UsedIn" Val="simulation"/>
      </FileInfo>
    </File>
    <File Path="$PSRCDIR/sources_1/imports/new/invertRGB.v">
      <FileInfo>
        <Attr Name="AutoDisabled" Val="1"/>
        <Attr Name="ImportPath" Val="$PPRDIR/../../../../DVI_PASSTHROUGH_CAPS/HDMI_OUT_SIMPLE_TEST/HDMI_OUT_SIMPLE_FX_DEMO/HDMI_OUT_SIMPLE_FX_DEMO.srcs/sources_1/imports/new/invertRGB.v"/>
        <Attr Name="ImportTime" Val="1626680380"/>
        <Attr Name="UsedIn" Val="synthesis"/>
        <Attr Name="UsedIn" Val="implementation"/>
        <Attr Name="UsedIn" Val="simulation"/>
      </FileInfo>
    </File>
    <File Path="$PSRCDIR/sources_1/imports/new/posterise.v">
      <FileInfo>
        <Attr Name="AutoDisabled" Val="1"/>
        <Attr Name="ImportPath" Val="$PPRDIR/../../../../DVI_PASSTHROUGH_CAPS/HDMI_OUT_SIMPLE_TEST/HDMI_OUT_SIMPLE_FX_DEMO/HDMI_OUT_SIMPLE_FX_DEMO.srcs/sources_1/imports/new/posterise.v"/>
        <Attr Name="ImportTime" Val="1627281940"/>
        <Attr Name="UsedIn" Val="synthesis"/>
        <Attr Name="UsedIn" Val="implementation"/>
        <Attr Name="UsedIn" Val="simulation"/>
      </FileInfo>
    </File>
    <File Path="$PSRCDIR/sources_1/new/rgb_2_luma.v">
      <FileInfo>
        <Attr Name="AutoDisabled" Val="1"/>
        <Attr Name="ImportPath" Val="$PPRDIR/../../DVI_PASSTHROUGH_CAPS/Working_HDMI_passthrough/Working_HDMI_passthrough.srcs/sources_1/new/rgb_2_luma.v"/>
        <Attr Name="ImportTime" Val="1624520360"/>
        <Attr Name="UsedIn" Val="synthesis"/>
        <Attr Name="UsedIn" Val="implementation"/>
        <Attr Name="UsedIn" Val="simulation"/>
      </FileInfo>
    </File>
    <File Path="$PSRCDIR/sources_1/imports/new/rgb_swap.v">
      <FileInfo>
        <Attr Name="AutoDisabled" Val="1"/>
        <Attr Name="ImportPath" Val="$PPRDIR/../../../../DVI_PASSTHROUGH_CAPS/HDMI_OUT_SIMPLE_TEST/HDMI_OUT_SIMPLE_FX_DEMO/HDMI_OUT_SIMPLE_FX_DEMO.srcs/sources_1/imports/new/rgb_swap.v"/>
        <Attr Name="ImportTime" Val="1627281941"/>
        <Attr Name="UsedIn" Val="synthesis"/>
        <Attr Name="UsedIn" Val="implementation"/>
        <Attr Name="UsedIn" Val="simulation"/>
      </FileInfo>
    </File>
    <File Path="$PSRCDIR/sources_1/imports/new/testPatternGen.v">
      <FileInfo>
        <Attr Name="AutoDisabled" Val="1"/>
        <Attr Name="ImportPath" Val="$PPRDIR/../../../../DVI_PASSTHROUGH_CAPS/HDMI_OUT_SIMPLE_TEST/HDMI_OUT_SIMPLE_FX_DEMO/HDMI_OUT_SIMPLE_FX_DEMO.srcs/sources_1/new/testPatternGen.v"/>
        <Attr Name="ImportTime" Val="1629340148"/>
        <Attr Name="UsedIn" Val="synthesis"/>
        <Attr Name="UsedIn" Val="implementation"/>
        <Attr Name="UsedIn" Val="simulation"/>
      </FileInfo>
    </File>
    <File Path="$PSRCDIR/sources_1/new/two2oneMux.v">
      <FileInfo>
        <Attr Name="AutoDisabled" Val="1"/>
        <Attr Name="ImportPath" Val="$PPRDIR/../mixer6/mixer6.srcs/sources_1/new/two2oneMux.v"/>
        <Attr Name="ImportTime" Val="1630997619"/>
        <Attr Name="UsedIn" Val="synthesis"/>
        <Attr Name="UsedIn" Val="implementation"/>
        <Attr Name="UsedIn" Val="simulation"/>
      </FileInfo>
    </File>
    <File Path="$PSRCDIR/sources_1/imports/hdl/AXI_controll_wrapper.v">
      <FileInfo>
        <Attr Name="AutoDisabled" Val="1"/>
        <Attr Name="ImportPath" Val="$PPRDIR/../mixer6/mixer6.gen/sources_1/bd/AXI_controll/hdl/AXI_controll_wrapper.v"/>
        <Attr Name="ImportTime" Val="1631082042"/>
        <Attr Name="UsedIn" Val="synthesis"/>
        <Attr Name="UsedIn" Val="implementation"/>
        <Attr Name="UsedIn" Val="simulation"/>
      </FileInfo>
    </File>
    <File Path="$PSRCDIR/sources_1/new/nbit_shiftreg.v">
      <FileInfo>
        <Attr Name="AutoDisabled" Val="1"/>
        <Attr Name="ImportPath" Val="$PPRDIR/../../DVI_PASSTHROUGH_CAPS/Working_HDMI_passthrough/Working_HDMI_passthrough.srcs/sources_1/new/nbit_shiftreg.v"/>
        <Attr Name="ImportTime" Val="1623113836"/>
        <Attr Name="UsedIn" Val="synthesis"/>
        <Attr Name="UsedIn" Val="implementation"/>
        <Attr Name="UsedIn" Val="simulation"/>
      </FileInfo>
    </File>
    <Config>
      <Option Name="DesignMode" Val="RTL"/>
      <Option Name="TopModule" Val="autotake"/>
    </Config>
  </FileSet>
  <FileSet Name="constrs_in" Type="Constrs" RelSrcDir="$PSRCDIR/constrs_1">
    <Filter Type="Constrs"/>
    <File Path="$PSRCDIR/constrs_1/imports/digilent-xdc-master/Arty-Z7-20-Master.xdc">
      <FileInfo>
        <Attr Name="ImportPath" Val="$PPRDIR/../../DIGILENT_DOWNLOADS/digilent-xdc-master/Arty-Z7-20-Master.xdc"/>
        <Attr Name="ImportTime" Val="1618794292"/>
        <Attr Name="UsedIn" Val="synthesis"/>
        <Attr Name="UsedIn" Val="implementation"/>
      </FileInfo>
    </File>
    <Config>
      <Option Name="ConstrsType" Val="XDC"/>
    </Config>
  </FileSet>
  <FileSet Name="utils" Type="Utils" RelSrcDir="$PSRCDIR/utils_1">
    <Filter Type="Utils"/>
    <Config>
      <Option Name="TopAutoSet" Val="TRUE"/>
    </Config>
  </FileSet>
  <Strategy Version="1" Minor="2">
    <StratHandle Name="Vivado Implementation Defaults" Flow="Vivado Implementation 2020"/>
    <Step Id="init_design"/>
    <Step Id="opt_design"/>
    <Step Id="power_opt_design"/>
    <Step Id="place_design"/>
    <Step Id="post_place_power_opt_design"/>
    <Step Id="phys_opt_design"/>
    <Step Id="route_design"/>
    <Step Id="post_route_phys_opt_design"/>
    <Step Id="write_bitstream"/>
  </Strategy>
  <BlockFileSet Type="BlockSrcs" Name="AXI_controll_auto_pc_0"/>
  <BlockFileSet Type="BlockSrcs" Name="AXI_controll_processing_system7_0_0"/>
  <BlockFileSet Type="BlockSrcs" Name="AXI_controll_proc_sys_reset_0_0"/>
  <BlockFileSet Type="BlockSrcs" Name="AXI_controll_axi_gpio_0_0"/>
</GenRun>
