<?xml version="1.0" encoding="UTF-8"?>
<GenRun Id="synth_1" LaunchPart="xc7z020clg400-1" LaunchTime="1634948318">
  <File Type="PA-TCL" Name="autotake.tcl"/>
  <File Type="RDS-PROPCONSTRS" Name="autotake_drc_synth.rpt"/>
  <File Type="REPORTS-TCL" Name="autotake_reports.tcl"/>
  <File Type="RDS-RDS" Name="autotake.vds"/>
  <File Type="RDS-UTIL" Name="autotake_utilization_synth.rpt"/>
  <File Type="RDS-UTIL-PB" Name="autotake_utilization_synth.pb"/>
  <File Type="RDS-DCP" Name="autotake.dcp"/>
  <File Type="VDS-TIMINGSUMMARY" Name="autotake_timing_summary_synth.rpt"/>
  <File Type="VDS-TIMING-PB" Name="autotake_timing_summary_synth.pb"/>
  <FileSet Name="sources" Type="DesignSrcs" RelSrcDir="$PSRCDIR/sources_1" RelGenDir="$PGENDIR/sources_1">
    <Filter Type="Srcs"/>
    <File Path="$PSRCDIR/sources_1/imports/new/clock_div.v">
      <FileInfo>
        <Attr Name="ImportPath" Val="$PPRDIR/../../../../DVI_PASSTHROUGH_CAPS/HDMI_OUT_SIMPLE_TEST/HDMI_OUT_SIMPLE_FX_DEMO/HDMI_OUT_SIMPLE_FX_DEMO.srcs/sources_1/new/clock_div.v"/>
        <Attr Name="ImportTime" Val="1628935020"/>
        <Attr Name="UsedIn" Val="synthesis"/>
        <Attr Name="UsedIn" Val="implementation"/>
        <Attr Name="UsedIn" Val="simulation"/>
      </FileInfo>
    </File>
    <File Path="$PSRCDIR/sources_1/imports/new/interp_10bit.vhd">
      <FileInfo>
        <Attr Name="ImportPath" Val="$PPRDIR/../../../../DVI_PASSTHROUGH_CAPS/HDMI_OUT_SIMPLE_TEST/HDMI_OUT_SIMPLE_FX_DEMO/HDMI_OUT_SIMPLE_FX_DEMO.srcs/sources_1/new/interp_10bit.vhd"/>
        <Attr Name="ImportTime" Val="1628926299"/>
        <Attr Name="UsedIn" Val="synthesis"/>
        <Attr Name="UsedIn" Val="simulation"/>
      </FileInfo>
    </File>
    <File Path="$PSRCDIR/sources_1/imports/new/autotake.v">
      <FileInfo>
        <Attr Name="ImportPath" Val="$PPRDIR/../../../../DVI_PASSTHROUGH_CAPS/HDMI_OUT_SIMPLE_TEST/HDMI_OUT_SIMPLE_FX_DEMO/HDMI_OUT_SIMPLE_FX_DEMO.srcs/sources_1/new/autotake.v"/>
        <Attr Name="ImportTime" Val="1628992541"/>
        <Attr Name="UsedIn" Val="synthesis"/>
        <Attr Name="UsedIn" Val="implementation"/>
        <Attr Name="UsedIn" Val="simulation"/>
      </FileInfo>
    </File>
    <File Path="$PSRCDIR/sources_1/bd/AXI_controll/AXI_controll.bd">
      <FileInfo>
        <Attr Name="AutoDisabled" Val="1"/>
        <Attr Name="ImportPath" Val="$PPRDIR/../mixer4/mixer4.srcs/sources_1/bd/AXI_controll/AXI_controll.bd"/>
        <Attr Name="ImportTime" Val="1630563679"/>
        <Attr Name="UsedIn" Val="synthesis"/>
        <Attr Name="UsedIn" Val="implementation"/>
        <Attr Name="UsedIn" Val="simulation"/>
      </FileInfo>
    </File>
    <File Path="$PSRCDIR/sources_1/ip/clk_wiz_125M_200M/clk_wiz_125M_200M.xci">
      <FileInfo>
        <Attr Name="AutoDisabled" Val="1"/>
        <Attr Name="ImportPath" Val="$PPRDIR/../../../../../Desktop/hdmi_pass_through_ZyboZ7-10-master/dvipass/dvipass.srcs/sources_1/ip/clk_wiz_125M_200M/clk_wiz_125M_200M.xci"/>
        <Attr Name="ImportTime" Val="1621233668"/>
        <Attr Name="UsedIn" Val="synthesis"/>
        <Attr Name="UsedIn" Val="implementation"/>
        <Attr Name="UsedIn" Val="simulation"/>
      </FileInfo>
    </File>
    <File Path="$PSRCDIR/sources_1/new/RGB_FX.v">
      <FileInfo>
        <Attr Name="AutoDisabled" Val="1"/>
        <Attr Name="ImportPath" Val="$PPRDIR/../basic_mixer1/basic_mixer1.srcs/sources_1/new/RGB_FX.v"/>
        <Attr Name="ImportTime" Val="1629440296"/>
        <Attr Name="UsedIn" Val="synthesis"/>
        <Attr Name="UsedIn" Val="implementation"/>
        <Attr Name="UsedIn" Val="simulation"/>
      </FileInfo>
    </File>
    <File Path="$PSRCDIR/sources_1/imports/new/colourise.v">
      <FileInfo>
        <Attr Name="AutoDisabled" Val="1"/>
        <Attr Name="ImportPath" Val="$PPRDIR/../../../../DVI_PASSTHROUGH_CAPS/HDMI_OUT_SIMPLE_TEST/HDMI_OUT_SIMPLE_FX_DEMO/HDMI_OUT_SIMPLE_FX_DEMO.srcs/sources_1/imports/new/colourise.v"/>
        <Attr Name="ImportTime" Val="1625101847"/>
        <Attr Name="UsedIn" Val="synthesis"/>
        <Attr Name="UsedIn" Val="implementation"/>
        <Attr Name="UsedIn" Val="simulation"/>
      </FileInfo>
    </File>
    <File Path="$PSRCDIR/sources_1/new/dvi_pass_top.v">
      <FileInfo>
        <Attr Name="AutoDisabled" Val="1"/>
        <Attr Name="ImportPath" Val="$PPRDIR/../../../../../Desktop/hdmi_pass_through_ZyboZ7-10-master/dvi_pass_verilog/dvi_pass_verilog.srcs/sources_1/new/dvi_pass_top.v"/>
        <Attr Name="ImportTime" Val="1621296215"/>
        <Attr Name="UsedIn" Val="synthesis"/>
        <Attr Name="UsedIn" Val="implementation"/>
        <Attr Name="UsedIn" Val="simulation"/>
      </FileInfo>
    </File>
    <File Path="$PSRCDIR/sources_1/new/int_ext_sync_mux.v">
      <FileInfo>
        <Attr Name="AutoDisabled" Val="1"/>
        <Attr Name="ImportPath" Val="$PPRDIR/../mixer6/mixer6.srcs/sources_1/new/int_ext_sync_mux.v"/>
        <Attr Name="ImportTime" Val="1630998259"/>
        <Attr Name="UsedIn" Val="synthesis"/>
        <Attr Name="UsedIn" Val="implementation"/>
        <Attr Name="UsedIn" Val="simulation"/>
      </FileInfo>
    </File>
    <File Path="$PSRCDIR/sources_1/new/internalSync.v">
      <FileInfo>
        <Attr Name="AutoDisabled" Val="1"/>
        <Attr Name="ImportPath" Val="$PPRDIR/../mixer6/mixer6.srcs/sources_1/new/internalSync.v"/>
        <Attr Name="ImportTime" Val="1631230659"/>
        <Attr Name="UsedIn" Val="synthesis"/>
        <Attr Name="UsedIn" Val="implementation"/>
        <Attr Name="UsedIn" Val="simulation"/>
      </FileInfo>
    </File>
    <File Path="$PSRCDIR/sources_1/imports/new/invertRGB.v">
      <FileInfo>
        <Attr Name="AutoDisabled" Val="1"/>
        <Attr Name="ImportPath" Val="$PPRDIR/../../../../DVI_PASSTHROUGH_CAPS/HDMI_OUT_SIMPLE_TEST/HDMI_OUT_SIMPLE_FX_DEMO/HDMI_OUT_SIMPLE_FX_DEMO.srcs/sources_1/imports/new/invertRGB.v"/>
        <Attr Name="ImportTime" Val="1626680380"/>
        <Attr Name="UsedIn" Val="synthesis"/>
        <Attr Name="UsedIn" Val="implementation"/>
        <Attr Name="UsedIn" Val="simulation"/>
      </FileInfo>
    </File>
    <File Path="$PSRCDIR/sources_1/imports/new/posterise.v">
      <FileInfo>
        <Attr Name="AutoDisabled" Val="1"/>
        <Attr Name="ImportPath" Val="$PPRDIR/../../../../DVI_PASSTHROUGH_CAPS/HDMI_OUT_SIMPLE_TEST/HDMI_OUT_SIMPLE_FX_DEMO/HDMI_OUT_SIMPLE_FX_DEMO.srcs/sources_1/imports/new/posterise.v"/>
        <Attr Name="ImportTime" Val="1627281940"/>
        <Attr Name="UsedIn" Val="synthesis"/>
        <Attr Name="UsedIn" Val="implementation"/>
        <Attr Name="UsedIn" Val="simulation"/>
      </FileInfo>
    </File>
    <File Path="$PSRCDIR/sources_1/new/rgb_2_luma.v">
      <FileInfo>
        <Attr Name="AutoDisabled" Val="1"/>
        <Attr Name="ImportPath" Val="$PPRDIR/../../DVI_PASSTHROUGH_CAPS/Working_HDMI_passthrough/Working_HDMI_passthrough.srcs/sources_1/new/rgb_2_luma.v"/>
        <Attr Name="ImportTime" Val="1624520360"/>
        <Attr Name="UsedIn" Val="synthesis"/>
        <Attr Name="UsedIn" Val="implementation"/>
        <Attr Name="UsedIn" Val="simulation"/>
      </FileInfo>
    </File>
    <File Path="$PSRCDIR/sources_1/imports/new/rgb_swap.v">
      <FileInfo>
        <Attr Name="AutoDisabled" Val="1"/>
        <Attr Name="ImportPath" Val="$PPRDIR/../../../../DVI_PASSTHROUGH_CAPS/HDMI_OUT_SIMPLE_TEST/HDMI_OUT_SIMPLE_FX_DEMO/HDMI_OUT_SIMPLE_FX_DEMO.srcs/sources_1/imports/new/rgb_swap.v"/>
        <Attr Name="ImportTime" Val="1627281941"/>
        <Attr Name="UsedIn" Val="synthesis"/>
        <Attr Name="UsedIn" Val="implementation"/>
        <Attr Name="UsedIn" Val="simulation"/>
      </FileInfo>
    </File>
    <File Path="$PSRCDIR/sources_1/imports/new/testPatternGen.v">
      <FileInfo>
        <Attr Name="AutoDisabled" Val="1"/>
        <Attr Name="ImportPath" Val="$PPRDIR/../../../../DVI_PASSTHROUGH_CAPS/HDMI_OUT_SIMPLE_TEST/HDMI_OUT_SIMPLE_FX_DEMO/HDMI_OUT_SIMPLE_FX_DEMO.srcs/sources_1/new/testPatternGen.v"/>
        <Attr Name="ImportTime" Val="1629340148"/>
        <Attr Name="UsedIn" Val="synthesis"/>
        <Attr Name="UsedIn" Val="implementation"/>
        <Attr Name="UsedIn" Val="simulation"/>
      </FileInfo>
    </File>
    <File Path="$PSRCDIR/sources_1/new/two2oneMux.v">
      <FileInfo>
        <Attr Name="AutoDisabled" Val="1"/>
        <Attr Name="ImportPath" Val="$PPRDIR/../mixer6/mixer6.srcs/sources_1/new/two2oneMux.v"/>
        <Attr Name="ImportTime" Val="1630997619"/>
        <Attr Name="UsedIn" Val="synthesis"/>
        <Attr Name="UsedIn" Val="implementation"/>
        <Attr Name="UsedIn" Val="simulation"/>
      </FileInfo>
    </File>
    <File Path="$PSRCDIR/sources_1/imports/hdl/AXI_controll_wrapper.v">
      <FileInfo>
        <Attr Name="AutoDisabled" Val="1"/>
        <Attr Name="ImportPath" Val="$PPRDIR/../mixer6/mixer6.gen/sources_1/bd/AXI_controll/hdl/AXI_controll_wrapper.v"/>
        <Attr Name="ImportTime" Val="1631082042"/>
        <Attr Name="UsedIn" Val="synthesis"/>
        <Attr Name="UsedIn" Val="implementation"/>
        <Attr Name="UsedIn" Val="simulation"/>
      </FileInfo>
    </File>
    <File Path="$PSRCDIR/sources_1/new/nbit_shiftreg.v">
      <FileInfo>
        <Attr Name="AutoDisabled" Val="1"/>
        <Attr Name="ImportPath" Val="$PPRDIR/../../DVI_PASSTHROUGH_CAPS/Working_HDMI_passthrough/Working_HDMI_passthrough.srcs/sources_1/new/nbit_shiftreg.v"/>
        <Attr Name="ImportTime" Val="1623113836"/>
        <Attr Name="UsedIn" Val="synthesis"/>
        <Attr Name="UsedIn" Val="implementation"/>
        <Attr Name="UsedIn" Val="simulation"/>
      </FileInfo>
    </File>
    <Config>
      <Option Name="DesignMode" Val="RTL"/>
      <Option Name="TopModule" Val="autotake"/>
    </Config>
  </FileSet>
  <FileSet Name="constrs_in" Type="Constrs" RelSrcDir="$PSRCDIR/constrs_1">
    <Filter Type="Constrs"/>
    <File Path="$PSRCDIR/constrs_1/imports/digilent-xdc-master/Arty-Z7-20-Master.xdc">
      <FileInfo>
        <Attr Name="ImportPath" Val="$PPRDIR/../../DIGILENT_DOWNLOADS/digilent-xdc-master/Arty-Z7-20-Master.xdc"/>
        <Attr Name="ImportTime" Val="1618794292"/>
        <Attr Name="UsedIn" Val="synthesis"/>
        <Attr Name="UsedIn" Val="implementation"/>
      </FileInfo>
    </File>
    <Config>
      <Option Name="ConstrsType" Val="XDC"/>
    </Config>
  </FileSet>
  <FileSet Name="utils" Type="Utils" RelSrcDir="$PSRCDIR/utils_1">
    <Filter Type="Utils"/>
    <Config>
      <Option Name="TopAutoSet" Val="TRUE"/>
    </Config>
  </FileSet>
  <Strategy Version="1" Minor="2">
    <StratHandle Name="Vivado Synthesis Defaults" Flow="Vivado Synthesis 2020"/>
    <Step Id="synth_design"/>
  </Strategy>
  <BlockFileSet Type="BlockSrcs" Name="AXI_controll_auto_pc_0"/>
  <BlockFileSet Type="BlockSrcs" Name="AXI_controll_processing_system7_0_0"/>
  <BlockFileSet Type="BlockSrcs" Name="AXI_controll_proc_sys_reset_0_0"/>
  <BlockFileSet Type="BlockSrcs" Name="AXI_controll_axi_gpio_0_0"/>
</GenRun>
